{
  "cycle_index": 6,
  "hormone_level": 0.5243560263405854,
  "mood": "excited",
  "tone": "Let curiosity and warmth show.",
  "general_temp": 0.658524609219205,
  "coder_temp": 0.6951287947318829
}